<?xml version="1.0" encoding="utf-8"?>
<feed xmlns="http://www.w3.org/2005/Atom">
    <id>http://static.renware.eu/sdeven/blog</id>
    <title>RENware SDEVN Blog</title>
    <updated>2022-04-19T00:00:00.000Z</updated>
    <generator>https://github.com/jpmonette/feed</generator>
    <link rel="alternate" href="http://static.renware.eu/sdeven/blog"/>
    <subtitle>RENware SDEVN Blog</subtitle>
    <icon>http://static.renware.eu/sdeven/img/favicon.ico</icon>
    <entry>
        <title type="html"><![CDATA[Welcome]]></title>
        <id>welcome</id>
        <link href="http://static.renware.eu/sdeven/blog/welcome"/>
        <updated>2022-04-19T00:00:00.000Z</updated>
        <summary type="html"><![CDATA[Published RENware SDEVEN methodology.]]></summary>
        <content type="html"><![CDATA[<p>Published RENware SDEVEN methodology.</p>]]></content>
        <author>
            <name>Petre Iordanescu</name>
            <uri>http://renware.eu</uri>
        </author>
        <category label="hello" term="hello"/>
        <category label="SDEVEN" term="SDEVEN"/>
    </entry>
</feed>