<?xml version="1.0" encoding="utf-8"?>
<rss version="2.0" xmlns:dc="http://purl.org/dc/elements/1.1/" xmlns:content="http://purl.org/rss/1.0/modules/content/">
    <channel>
        <title>RENware SDEVN Blog</title>
        <link>http://static.renware.eu/sdeven/blog</link>
        <description>RENware SDEVN Blog</description>
        <lastBuildDate>Tue, 19 Apr 2022 00:00:00 GMT</lastBuildDate>
        <docs>https://validator.w3.org/feed/docs/rss2.html</docs>
        <generator>https://github.com/jpmonette/feed</generator>
        <language>en</language>
        <item>
            <title><![CDATA[Welcome]]></title>
            <link>http://static.renware.eu/sdeven/blog/welcome</link>
            <guid>welcome</guid>
            <pubDate>Tue, 19 Apr 2022 00:00:00 GMT</pubDate>
            <description><![CDATA[Published RENware SDEVEN methodology.]]></description>
            <content:encoded><![CDATA[<p>Published RENware SDEVEN methodology.</p>]]></content:encoded>
            <category>hello</category>
            <category>SDEVEN</category>
        </item>
    </channel>
</rss>